"주차장번호";"주차장명";"주차장구분";"주차장유형";"소재지도로명주소";"소재지지번주소";"주차구획수";"급지구분";"부제시행구분";"운영요일";"평일운영시작시각";"평일운영종료시각";"토요일운영시작시각";"토요일운영종료시각";"공휴일운영시작시각";"공휴일운영종료시각";"요금정보";"주차기본시간";"주차기본요금";"추가단위시간";"추가단위요금";"1일주차권요금적용시간";"1일주차권요금";"월정기권요금";"결제방법";"특기사항";"관리기관명";"전화번호";"위도";"경도";"데이터기준일자"
"204-1-000001";"수상4";"공영";"노상";"경기도 성남시 수정구 산성대로 415";"경기도 성남시 수정구 단대동 158-3번지";14;1;"요일제";"평일";"09:00:00";"18:00:00";"00:00:00";"00:00:00";"00:00:00";"00:00:00";"혼합";30;400;10;200;9;7200;60000;"현금+신용카드";"경차, 장애인 차량 50프로 할인 등";"성남도시개발공사 노상주차처";"";37.44905421;127.1583536;"2022-06-08"
"204-1-000002";"수상5";"공영";"노상";"경기도 성남시 수정구 산성대로 395";"경기도 성남시 수정구 단대동 161-6번지";17;1;"요일제";"평일";"09:00:00";"18:00:00";"00:00:00";"00:00:00";"00:00:00";"00:00:00";"혼합";30;400;10;200;9;7200;60000;"현금+신용카드";"경차, 장애인 차량 50프로 할인 등";"성남도시개발공사 노상주차처";"";37.44745857;127.1576451;"2022-06-08"
"204-1-000003";"수상7";"공영";"노상";"경기도 성남시 수정구 산성대로 285";"경기도 성남시 수정구 신흥동 2495번지";14;1;"요일제";"평일";"09:00:00";"18:00:00";"00:00:00";"00:00:00";"00:00:00";"00:00:00";"혼합";30;400;10;200;9;7200;60000;"현금+신용카드";"경차, 장애인 차량 50프로 할인 등";"성남도시개발공사 노상주차처";"";37.44166429;127.1484933;"2022-06-08"
"204-1-000004";"수상16";"공영";"노상";"경기도 성남시 수정구 제일로 190";"경기도 성남시 수정구 태평동 3740-31번지";12;1;"요일제";"평일";"09:00:00";"18:00:00";"00:00:00";"00:00:00";"00:00:00";"00:00:00";"혼합";30;400;10;200;9;7200;60000;"현금+신용카드";"경차, 장애인 차량 50프로 할인 등";"성남도시개발공사 노상주차처";"";37.44320236;127.130922;"2022-06-08"
"204-1-000005";"수상9,10";"공영";"노상";"경기도 성남시 수정구 산성대로 195";"경기도 성남시 수정구 수진동 2211번지";32;1;"요일제";"평일";"09:00:00";"18:00:00";"00:00:00";"00:00:00";"00:00:00";"00:00:00";"혼합";30;400;10;200;9;7200;60000;"현금+신용카드";"경차, 장애인 차량 50프로 할인 등";"성남도시개발공사 노상주차처";"";37.43745805;127.1398748;"2022-06-08"
"204-1-000006";"수상11";"공영";"노상";"경기도 성남시 수정구 산성대로 지하 200";"경기도 성남시 수정구 수진동 2210-1";38;1;"요일제";"평일";"09:00:00";"18:00:00";"00:00:00";"00:00:00";"00:00:00";"00:00:00";"혼합";30;400;10;200;9;7200;60000;"현금+신용카드";"경차, 장애인 차량 50프로 할인 등";"성남도시개발공사 노상주차처";"";37.43746259;127.1403505;"2022-06-08"
"204-1-000007";"수상11-1";"공영";"노상";"경기도 성남시 수정구 산성대로 183";"경기도 성남시 수정구 수진동 2220번지 MD아파트";26;1;"요일제";"평일";"09:00:00";"18:00:00";"00:00:00";"00:00:00";"00:00:00";"00:00:00";"혼합";30;400;10;200;9;7200;60000;"현금+신용카드";"경차, 장애인 차량 50프로 할인 등";"성남도시개발공사 노상주차처";"";37.43693675;127.1387845;"2022-06-08"
"204-1-000008";"수상1";"공영";"노상";"경기도 성남시 수정구 산성대로 465";"경기도 성남시 수정구 단대동 69-5번지";10;1;"요일제";"평일";"09:00:00";"18:00:00";"00:00:00";"00:00:00";"00:00:00";"00:00:00";"혼합";30;400;10;200;9;7200;60000;"현금+신용카드";"경차, 장애인 차량 50프로 할인 등";"성남도시개발공사 노상주차처";"";37.45338736;127.1602298;"2022-06-08"
"204-1-000009";"수상1-2";"공영";"노상";"경기도 성남시 수정구 산성대로 451";"경기도 성남시 수정구 단대동 75번지";7;1;"요일제";"평일";"09:00:00";"18:00:00";"00:00:00";"00:00:00";"00:00:00";"00:00:00";"혼합";30;400;10;200;9;7200;60000;"현금+신용카드";"경차, 장애인 차량 50프로 할인 등";"성남도시개발공사 노상주차처";"";37.45292424;127.1588907;"2022-06-08"
"204-1-000010";"수상2";"공영";"노상";"경기도 성남시 수정구 산성대로 475";"경기도 성남시 수정구 단대동 69-1번지";32;1;"요일제";"평일";"09:00:00";"18:00:00";"00:00:00";"00:00:00";"00:00:00";"00:00:00";"혼합";30;400;10;200;9;7200;60000;"현금+신용카드";"경차, 장애인 차량 50프로 할인 등";"성남도시개발공사 노상주차처";"";37.45414349;127.1605093;"2022-06-08"
"204-1-000011";"수상3";"공영";"노상";"경기도 성남시 수정구 산성대로 431";"경기도 성남시 수정구 단대동 97-3번지";7;1;"요일제";"평일";"09:00:00";"18:00:00";"00:00:00";"00:00:00";"00:00:00";"00:00:00";"혼합";30;400;10;200;9;7200;60000;"현금+신용카드";"경차, 장애인 차량 51프로 할인 등";"성남도시개발공사 노상주차처";"";37.45047695;127.158994;"2022-06-08"
"204-1-000012";"수상20";"공영";"노상";"경기도 성남시 수정구 산성대로 529-2";"경기도 성남시 수정구 양지동 877번지";37;1;"요일제";"평일";"09:00:00";"18:00:00";"00:00:00";"00:00:00";"00:00:00";"00:00:00";"혼합";30;400;10;200;9;7200;60000;"현금+신용카드";"경차, 장애인 차량 50프로 할인 등";"성남도시개발공사 노상주차처";"";37.45338736;127.1602298;"2022-06-08"
"204-1-000013";"산성대로 589";"공영";"노상";"경기도 성남시 수정구 산성대로 589";"경기도 성남시 수정구 양지동 31번지";25;1;"요일제";"평일";"09:00:00";"18:00:00";"00:00:00";"00:00:00";"00:00:00";"00:00:00";"혼합";30;400;10;200;9;7200;60000;"현금+신용카드";"경차, 장애인 차량 50프로 할인 등";"성남도시개발공사 노상주차처";"";37.46243664;127.1683513;"2022-06-08"
"204-2-000001";"논골공영";"공영";"노외";"경기도 성남시 수정구 수정로 460";"경기도 성남시 수정구 단대동 산164-20번지";124;1;"요일제";"평일+토요일+공휴일";"00:00:00";"00:00:00";"00:00:00";"00:00:00";"00:00:00";"00:00:00";"유료";30;300;10;100;24;6000;20000;"신용카드";"경차, 장애인 차량 50프로 할인 등";"성남도시개발공사 노외주차처";"";37.46203946;127.1557496;"2022-06-08"
"204-2-000002";"단대 제1";"공영";"노외";"경기도 성남시 수정구 논골로 54";"경기도 성남시 수정구 단대동 27-1번지";151;1;"요일제";"평일+토요일+공휴일";"00:00:00";"00:00:00";"00:00:00";"00:00:00";"00:00:00";"00:00:00";"유료";30;400;10;200;24;6000;60000;"신용카드";"경차, 장애인 차량 50프로 할인 등";"성남도시개발공사 노외주차처";"";37.45869467;127.1586362;"2022-06-08"
"204-2-000003";"희망로";"공영";"노외";"경기도 성남시 수정구 희망로506번길 21";"경기도 성남시 수정구 단대동 129번지";57;1;"요일제";"평일+토요일+공휴일";"00:00:00";"00:00:00";"00:00:00";"00:00:00";"00:00:00";"00:00:00";"유료";30;400;10;200;24;6000;60000;"신용카드";"경차, 장애인 차량 50프로 할인 등";"성남도시개발공사 노외주차처";"";37.44964525;127.1556651;"2022-06-08"
"204-2-000004";"양지 제1";"공영";"노외";"경기도 성남시 수정구 논골로 40";"경기도 성남시 수정구 양지동 724번지";192;1;"요일제";"평일+토요일+공휴일";"00:00:00";"00:00:00";"00:00:00";"00:00:00";"00:00:00";"00:00:00";"유료";30;400;10;200;24;6000;60000;"신용카드";"경차, 장애인 차량 50프로 할인 등";"성남도시개발공사 노외주차처";"";37.45760562;127.1590995;"2022-06-08"
"204-2-000005";"양지 제2";"공영";"노외";"경기도 성남시 수정구 양지로 2";"경기도 성남시 수정구 양지동 865-1번지";110;1;"요일제";"평일+토요일+공휴일";"00:00:00";"00:00:00";"00:00:00";"00:00:00";"00:00:00";"00:00:00";"유료";30;400;10;200;24;6000;60000;"신용카드";"경차, 장애인 차량 50프로 할인 등";"성남도시개발공사 노외주차처";"";37.45528609;127.1606724;"2022-06-08"
"204-2-000006";"산성동 제1";"공영";"노외";"경기도 성남시 수정구 희망로534번길 14";"경기도 성남시 수정구 산성동 2223번지";109;1;"요일제";"평일+토요일+공휴일";"00:00:00";"00:00:00";"00:00:00";"00:00:00";"00:00:00";"00:00:00";"유료";30;300;10;100;24;6000;60000;"신용카드";"경차, 장애인 차량 50프로 할인 등";"성남도시개발공사 노외주차처";"";37.45163183;127.1523239;"2022-06-08"
"204-2-000007";"단대 공원";"공영";"노외";"경기도 성남시 수정구 수정로456번길 61";"경기도 성남시 수정구 산성동 507번지";147;1;"요일제";"평일+토요일+공휴일";"00:00:00";"00:00:00";"00:00:00";"00:00:00";"00:00:00";"00:00:00";"유료";30;300;10;100;24;6000;60000;"신용카드";"경차, 장애인 차량 50프로 할인 등";"성남도시개발공사 노외주차처";"";37.45705541;127.1554861;"2022-06-08"
"204-2-000008";"산성동 제2";"공영";"노외";"";"경기도 성남시 수정구 산성동 1808";116;1;"요일제";"평일+토요일+공휴일";"00:00:00";"00:00:00";"00:00:00";"00:00:00";"00:00:00";"00:00:00";"유료";30;400;10;200;24;6000;60000;"신용카드";"경차, 장애인 차량 50프로 할인 등";"성남도시개발공사 노외주차처";"";37.45441295;127.1545652;"2022-06-08"
"204-2-000009";"산성역 환승";"공영";"노외";"경기도 성남시 수정구 수정로366번길 7";"경기도 성남시 수정구 산성동 6번지";225;1;"요일제";"평일+토요일+공휴일";"00:00:00";"00:00:00";"00:00:00";"00:00:00";"00:00:00";"00:00:00";"유료";30;400;10;200;24;6000;0;"신용카드";"경차, 장애인 차량 50프로 할인 등";"성남도시개발공사 노외주차처";"";37.45666153;127.1507202;"2022-06-08"
"204-2-000010";"복정 3호";"공영";"노외";"경기도 성남시 수정구 복정로 98";"경기도 성남시 수정구 복정동 673번지";284;1;"요일제";"평일+토요일+공휴일";"00:00:00";"00:00:00";"00:00:00";"00:00:00";"00:00:00";"00:00:00";"유료";30;400;10;200;24;6000;60000;"신용카드";"경차, 장애인 차량 50프로 할인 등";"성남도시개발공사 노외주차처";"";37.46173843;127.1272242;"2022-06-08"
"204-2-000011";"복정 4호";"공영";"노외";"경기도 성남시 수정구 복정로20번길 16";"경기도 성남시 수정구 복정동 707번지";196;1;"요일제";"평일+토요일+공휴일";"00:00:00";"00:00:00";"00:00:00";"00:00:00";"00:00:00";"00:00:00";"유료";30;400;10;200;24;6000;60000;"신용카드";"경차, 장애인 차량 50프로 할인 등";"성남도시개발공사 노외주차처";"";37.45466888;127.1290839;"2022-06-08"
"204-2-000012";"복정 제5";"공영";"노외";"경기도 성남시 수정구 복정로 55";"경기도 성남시 수정구 복정동 688번지";220;1;"요일제";"평일+토요일+공휴일";"00:00:00";"00:00:00";"00:00:00";"00:00:00";"00:00:00";"00:00:00";"유료";30;400;10;200;24;6000;60000;"신용카드";"경차, 장애인 차량 50프로 할인 등";"성남도시개발공사 노외주차처";"";37.45659231;127.1267996;"2022-06-08"
"204-2-000013";"수정";"공영";"노외";"경기도 성남시 수정구 수정로279번길 3";"경기도 성남시 수정구 신흥동 37번지";71;1;"요일제";"평일+토요일+공휴일";"00:00:00";"00:00:00";"00:00:00";"00:00:00";"00:00:00";"00:00:00";"유료";30;400;10;200;24;6000;60000;"신용카드";"경차, 장애인 차량 50프로 할인 등";"성남도시개발공사 노외주차처";"";37.44971199;127.1457155;"2022-06-08"
"204-2-000014";"신흥 제1";"공영";"노외";"경기도 성남시 수정구 탄리로 16";"경기도 성남시 수정구 신흥동 6593번지";66;1;"요일제";"평일+토요일+공휴일";"00:00:00";"00:00:00";"00:00:00";"00:00:00";"00:00:00";"00:00:00";"유료";30;400;10;200;24;6000;60000;"신용카드";"경차, 장애인 차량 50프로 할인 등";"성남도시개발공사 노외주차처";"";37.4388208;127.1395247;"2022-06-08"
"204-2-000015";"신흥 2동";"공영";"노외";"경기도 성남시 수정구 희망로533번길 35";"경기도 성남시 수정구 신흥동 466번지";199;1;"요일제";"평일+토요일+공휴일";"00:00:00";"00:00:00";"00:00:00";"00:00:00";"00:00:00";"00:00:00";"유료";30;300;10;100;24;6000;60000;"신용카드";"경차, 장애인 차량 50프로 할인 등";"성남도시개발공사 노외주차처";"";37.44839239;127.149022;"2022-06-08"
"204-2-000016";"신흥 3동";"공영";"노외";"경기도 성남시 수정구 공원로333번길 3";"경기도 성남시 수정구 신흥동 2473번지";71;1;"요일제";"평일+토요일+공휴일";"00:00:00";"00:00:00";"00:00:00";"00:00:00";"00:00:00";"00:00:00";"유료";30;400;10;200;24;6000;60000;"신용카드";"경차, 장애인 차량 50프로 할인 등";"성남도시개발공사 노외주차처";"";37.44275675;127.1509951;"2022-06-08"
"204-2-000017";"신흥 제7";"공영";"노외";"경기도 성남시 수정구 수정남로 85";"경기도 성남시 수정구 신흥동 5542-2번지";276;1;"요일제";"평일+토요일+공휴일";"00:00:00";"00:00:00";"00:00:00";"00:00:00";"00:00:00";"00:00:00";"유료";30;400;10;200;24;6000;60000;"신용카드";"경차, 장애인 차량 50프로 할인 등";"성남도시개발공사 노외주차처";"";37.44180073;127.1369764;"2022-06-08"
"204-2-000018";"태평4동 제1";"공영";"노외";"경기도 성남시 수정구 공원로 411";"경기도 성남시 수정구 태평동 7300-3번지";97;1;"요일제";"평일+토요일+공휴일";"00:00:00";"00:00:00";"00:00:00";"00:00:00";"00:00:00";"00:00:00";"유료";30;400;10;200;24;6000;60000;"신용카드";"경차, 장애인 차량 50프로 할인 등";"성남도시개발공사 노외주차처";"";37.44710477;127.1439927;"2022-06-08"
"204-2-000019";"태평";"공영";"노외";"경기도 성남시 수정구 남문로52번길 9-9";"경기도 성남시 수정구 태평동 3752-4번지";135;1;"요일제";"평일+토요일+공휴일";"00:00:00";"00:00:00";"00:00:00";"00:00:00";"00:00:00";"00:00:00";"유료";30;400;10;200;24;6000;60000;"신용카드";"경차, 장애인 차량 50프로 할인 등";"성남도시개발공사 노외주차처";"";37.44511353;127.1332352;"2022-06-08"
"204-2-000020";"태평동 제1";"공영";"노외";"경기도 성남시 수정구 제일로 236";"경기도 성남시 수정구 태평동 4320번지";119;1;"요일제";"평일+토요일+공휴일";"00:00:00";"00:00:00";"00:00:00";"00:00:00";"00:00:00";"00:00:00";"유료";30;300;10;100;24;6000;60000;"신용카드";"경차, 장애인 차량 50프로 할인 등";"성남도시개발공사 노외주차처";"";37.44717951;127.1292157;"2022-06-08"
"204-2-000021";"태평2동 제1";"공영";"노외";"경기도 성남시 수정구 태평동3307-59";"경기도 성남시 수정구 태평동 3307-59";95;1;"요일제";"평일+토요일+공휴일";"00:00:00";"00:00:00";"00:00:00";"00:00:00";"00:00:00";"00:00:00";"유료";30;400;10;200;24;6000;60000;"신용카드";"경차, 장애인 차량 50프로 할인 등";"성남도시개발공사 노외주차처";"";37.44597159;127.1389306;"2022-06-08"
"204-2-000022";"태평4동제3";"공영";"노외";"경기도 성남시 수정구 남문로 112";"경기도 성남시 수정구 태평동 7289번지";163;1;"요일제";"평일+토요일+공휴일";"00:00:00";"00:00:00";"00:00:00";"00:00:00";"00:00:00";"00:00:00";"유료";30;400;10;200;24;6000;60000;"신용카드";"경차, 장애인 차량 50프로 할인 등";"성남도시개발공사 노외주차처";"";37.44734677;127.1405577;"2022-06-08"
"204-2-000023";"아래숯골";"공영";"노외";"경기도 성남시 수정구 성남대로 1259";"경기도 성남시 수정구 태평동 6812번지";150;1;"요일제";"평일+토요일+공휴일";"00:00:00";"00:00:00";"00:00:00";"00:00:00";"00:00:00";"00:00:00";"유료";30;400;10;200;24;6000;60000;"신용카드";"경차, 장애인 차량 50프로 할인 등";"성남도시개발공사 노외주차처";"";37.44228797;127.1266624;"2022-06-08"
"204-2-000024";"태평4동";"공영";"노외";"경기도 성남시 수정구 태평로 109";"경기도 성남시 수정구 태평동 1-3번지";89;1;"요일제";"평일+토요일+공휴일";"00:00:00";"00:00:00";"00:00:00";"00:00:00";"00:00:00";"00:00:00";"유료";30;400;10;200;24;6000;60000;"신용카드";"경차, 장애인 차량 50프로 할인 등";"성남도시개발공사 노외주차처";"";37.45123428;127.1385804;"2022-06-08"
"204-2-000025";"건우";"공영";"노외";"경기도 성남시 수정구 태평로55번길 26";"경기도 성남시 수정구 태평동 224-4번지 인근";153;1;"요일제";"평일+토요일+공휴일";"00:00:00";"00:00:00";"00:00:00";"00:00:00";"00:00:00";"00:00:00";"유료";30;400;10;200;24;6000;60000;"신용카드";"경차, 장애인 차량 50프로 할인 등";"성남도시개발공사 노외주차처";"";37.45114105;127.1330717;"2022-06-08"
"204-2-000026";"태평동 탄천변";"공영";"노외";"";"경기도 성남시 수정구 태평동 7066-4";91;1;"요일제";"평일+토요일+공휴일";"00:00:00";"00:00:00";"00:00:00";"00:00:00";"00:00:00";"00:00:00";"유료";30;200;10;100;24;6000;52000;"신용카드";"경차, 장애인 차량 50프로 할인 등";"성남도시개발공사 노외주차처";"";37.44269448;127.1197144;"2022-06-08"
"204-2-000027";"수진 제1";"공영";"노외";"경기도 성남시 수정구 제일로 114";"경기도 성남시 수정구 수진동 1294-1번지";119;1;"요일제";"평일+토요일+공휴일";"00:00:00";"00:00:00";"00:00:00";"00:00:00";"00:00:00";"00:00:00";"유료";30;400;10;200;24;6000;60000;"신용카드";"경차, 장애인 차량 50프로 할인 등";"성남도시개발공사 노외주차처";"";37.43684866;127.1339166;"2022-06-08"
"204-2-000028";"수진 제2";"공영";"노외";"경기도 성남시 수정구 제일로 99";"경기도 성남시 수정구 수진동 4510-3번지";165;1;"요일제";"평일+토요일+공휴일";"00:00:00";"00:00:00";"00:00:00";"00:00:00";"00:00:00";"00:00:00";"유료";30;400;10;200;24;6000;60000;"신용카드";"경차, 장애인 차량 50프로 할인 등";"성남도시개발공사 노외주차처";"";37.43534918;127.1340856;"2022-06-08"
"204-2-000029";"수진 제3";"공영";"노외";"경기도 성남시 수정구 제일로 128";"경기도 성남시 수정구 수진동 1282번지";223;1;"요일제";"평일+토요일+공휴일";"00:00:00";"00:00:00";"00:00:00";"00:00:00";"00:00:00";"00:00:00";"유료";30;400;10;200;24;6000;60000;"신용카드";"경차, 장애인 차량 50프로 할인 등";"성남도시개발공사 노외주차처";"";37.43814679;127.1333223;"2022-06-08"
"204-2-000030";"수진동 제4";"공영";"노외";"경기도 성남시 수정구 수진동 4671-2외1필지";"경기도 성남시 수정구 수진동 4671-2외1필지";101;1;"요일제";"평일+토요일+공휴일";"00:00:00";"00:00:00";"00:00:00";"00:00:00";"00:00:00";"00:00:00";"유료";30;400;10;200;24;6000;60000;"신용카드";"경차, 장애인 차량 50프로 할인 등";"성남도시개발공사 노외주차처";"";37.43713774;127.1261803;"2022-06-08"
"204-2-000031";"번성";"공영";"노외";"경기도 성남시 수정구 수정남로 14";"경기도 성남시 수정구 수진동 3042-1번지";180;1;"요일제";"평일+토요일+공휴일";"00:00:00";"00:00:00";"00:00:00";"00:00:00";"00:00:00";"00:00:00";"유료";30;400;10;200;24;6000;60000;"신용카드";"경차, 장애인 차량 50프로 할인 등";"성남도시개발공사 노외주차처";"";37.43915276;127.12969;"2022-06-08"
"204-2-000032";"수정보건소 부설";"공영";"노외";"경기도 성남시 수정구 수정로 218";"경기도 성남시 수정구 신흥동 3435번지";206;1;"요일제";"평일+토요일+공휴일";"00:00:00";"00:00:00";"00:00:00";"00:00:00";"00:00:00";"00:00:00";"유료";30;400;10;300;24;6000;60000;"신용카드";"경차, 장애인 차량 50프로 할인 등";"성남도시개발공사 노외주차처";"";37.44432957;127.1440597;"2022-06-08"
"204-2-000033";"복정제6공영주차장";"공영";"노외";"경기도 성남시 수정구 복정로118번길 7";"경기도 성남시 수정구 복정동 649번지";112;1;"요일제";"평일+토요일+공휴일";"00:00:00";"00:00:00";"00:00:00";"00:00:00";"00:00:00";"00:00:00";"유료";30;400;10;200;24;6000;60000;"신용카드";"경차, 장애인 차량 50프로 할인 등";"성남도시개발공사 노외주차처";"";37.46375601;127.1278652;"2022-06-08"
"204-2-000034";"신흥제9공영주차장";"공영";"노외";"경기도 성남시 수정구 시민로 173";"경기도 성남시 수정구 신흥동 5491번지";179;1;"요일제";"평일+토요일+공휴일";"00:00:00";"00:00:00";"00:00:00";"00:00:00";"00:00:00";"00:00:00";"유료";30;400;10;200;24;6000;60000;"신용카드";"경차, 장애인 차량 50프로 할인 등";"성남도시개발공사 노외주차처";"";37.44339097;127.1423583;"2022-06-08"
"204-2-000035";"신흥2동제1공영주차장";"공영";"노외";"경기도 성남시 수정구 신흥동 2440";"경기도 성남시 수정구 신흥동 2440";151;1;"요일제";"평일+토요일+공휴일";"00:00:00";"00:00:00";"00:00:00";"00:00:00";"00:00:00";"00:00:00";"유료";30;400;10;200;24;6000;60000;"신용카드";"경차, 장애인 차량 50프로 할인 등";"성남도시개발공사 노외주차처";"";37.44785504;127.1534896;"2022-06-08"
"205-1-000014";"중상24";"공영";"노상";"경기도 성남시 중원구 산성대로 380";"경기도 성남시 중원구 금광동 4394번지";31;1;"요일제";"평일";"09:00:00";"18:00:00";"00:00:00";"00:00:00";"00:00:00";"00:00:00";"혼합";30;400;10;200;9;7200;60000;"현금+신용카드";"경차, 장애인 차량 50프로 할인 등";"성남도시개발공사 노상주차처";"";37.44572119;127.1578132;"2022-06-08"
"205-1-000015";"중상25,26";"공영";"노상";"";"경기도 성남시 중원구 금광동 4850";29;1;"요일제";"평일";"09:00:00";"18:00:00";"00:00:00";"00:00:00";"00:00:00";"00:00:00";"혼합";30;400;10;200;9;7200;60000;"현금+신용카드";"경차, 장애인 차량 50프로 할인 등";"성남도시개발공사 노상주차처";"";37.44919051;127.1589056;"2022-06-08"
"205-1-000016";"중상27";"공영";"노상";"경기도 성남시 중원구 산성대로 414";"경기도 성남시 중원구 금광동 4542번지";27;1;"요일제";"평일";"09:00:00";"18:00:00";"00:00:00";"00:00:00";"00:00:00";"00:00:00";"혼합";30;400;10;200;9;7200;60000;"현금+신용카드";"경차, 장애인 차량 50프로 할인 등";"성남도시개발공사 노상주차처";"";37.44866048;127.1590218;"2022-06-08"
"205-1-000017";"중상31";"공영";"노상";"경기도 성남시 중원구 산성대로 464";"경기도 성남시 중원구 금광동 4790번지";10;1;"요일제";"평일";"09:00:00";"18:00:00";"00:00:00";"00:00:00";"00:00:00";"00:00:00";"혼합";30;400;10;200;9;7200;60000;"현금+신용카드";"경차, 장애인 차량 50프로 할인 등";"성남도시개발공사 노상주차처";"";37.45306206;127.1609163;"2022-06-08"
"205-1-000018";"중상86";"공영";"노상";"경기도 성남시 중원구 광명로 340";"경기도 성남시 중원구 금광동 1366번지";16;1;"요일제";"평일";"09:00:00";"18:00:00";"00:00:00";"00:00:00";"00:00:00";"00:00:00";"혼합";30;400;10;200;9;7200;60000;"현금+신용카드";"경차, 장애인 차량 50프로 할인 등";"성남도시개발공사 노상주차처";"";37.44557644;127.1635491;"2022-06-08"
"205-1-000019";"중상87";"공영";"노상";"경기도 성남시 중원구 광명로 350";"경기도 성남시 중원구 금광동 1377번지";9;1;"요일제";"평일";"09:00:00";"18:00:00";"00:00:00";"00:00:00";"00:00:00";"00:00:00";"혼합";30;400;10;200;9;7200;60000;"현금+신용카드";"경차, 장애인 차량 50프로 할인 등";"성남도시개발공사 노상주차처";"";37.44586302;127.1648019;"2022-06-08"
"205-1-000020";"중상88";"공영";"노상";"경기도 성남시 중원구 광명로 351";"경기도 성남시 중원구 금광동 3129번지";14;1;"요일제";"평일";"09:00:00";"18:00:00";"00:00:00";"00:00:00";"00:00:00";"00:00:00";"혼합";30;400;10;200;9;7200;60000;"현금+신용카드";"경차, 장애인 차량 50프로 할인 등";"성남도시개발공사 노상주차처";"";37.44637488;127.1647397;"2022-06-08"
"205-1-000021";"중상89";"공영";"노상";"경기도 성남시 중원구 광명로 331";"경기도 성남시 중원구 금광동 3688번지";15;1;"요일제";"평일";"09:00:00";"18:00:00";"00:00:00";"00:00:00";"00:00:00";"00:00:00";"혼합";30;400;10;200;9;7200;60000;"현금+신용카드";"경차, 장애인 차량 50프로 할인 등";"성남도시개발공사 노상주차처";"";37.44572178;127.1626388;"2022-06-08"
"205-1-000022";"중상13";"공영";"노상";"경기도 성남시 중원구 산성대로 280";"경기도 성남시 중원구 중앙동 829번지";32;1;"요일제";"평일";"09:00:00";"18:00:00";"00:00:00";"00:00:00";"00:00:00";"00:00:00";"혼합";30;400;10;200;9;7200;60000;"현금+신용카드";"경차, 장애인 차량 50프로 할인 등";"성남도시개발공사 노상주차처";"";37.4407131;127.1482654;"2022-06-08"
"205-1-000023";"중상14";"공영";"노상";"경기도 성남시 중원구 산성대로 286";"경기도 성남시 중원구 중앙동 776번지";30;1;"요일제";"평일";"09:00:00";"18:00:00";"00:00:00";"00:00:00";"00:00:00";"00:00:00";"혼합";30;400;10;200;9;7200;60000;"현금+신용카드";"경차, 장애인 차량 50프로 할인 등";"성남도시개발공사 노상주차처";"";37.44102938;127.1489622;"2022-06-08"
"205-1-000024";"중상16";"공영";"노상";"경기도 성남시 중원구 산성대로 300";"경기도 성남시 중원구 중앙동 541번지";11;1;"요일제";"평일";"09:00:00";"18:00:00";"00:00:00";"00:00:00";"00:00:00";"00:00:00";"혼합";30;400;10;200;9;7200;60000;"현금+신용카드";"경차, 장애인 차량 50프로 할인 등";"성남도시개발공사 노상주차처";"";37.44148548;127.1502422;"2022-06-08"
"205-1-000025";"중상18";"공영";"노상";"경기도 성남시 중원구 산성대로 310";"경기도 성남시 중원구 중앙동 480번지";20;1;"요일제";"평일";"09:00:00";"18:00:00";"00:00:00";"00:00:00";"00:00:00";"00:00:00";"혼합";30;400;10;200;9;7200;60000;"현금+신용카드";"경차, 장애인 차량 50프로 할인 등";"성남도시개발공사 노상주차처";"";37.44180486;127.1513186;"2022-06-08"
"205-1-000026";"중상19,20";"공영";"노상";"경기도 성남시 중원구 산성대로 334-2";"경기도 성남시 중원구 중앙동 316";14;1;"요일제";"평일";"09:00:00";"18:00:00";"00:00:00";"00:00:00";"00:00:00";"00:00:00";"혼합";30;400;10;200;9;7200;60000;"현금+신용카드";"경차, 장애인 차량 50프로 할인 등";"성남도시개발공사 노상주차처";"";37.44283784;127.1534496;"2022-06-08"
"205-1-000027";"중상21";"공영";"노상";"경기도 성남시 중원구 산성대로 340";"경기도 성남시 중원구 중앙동 220번지";18;1;"요일제";"평일";"09:00:00";"18:00:00";"00:00:00";"00:00:00";"00:00:00";"00:00:00";"혼합";30;400;10;200;9;7200;60000;"현금+신용카드";"경차, 장애인 차량 50프로 할인 등";"성남도시개발공사 노상주차처";"";37.44332179;127.1544045;"2022-06-08"
"205-1-000028";"중상22";"공영";"노상";"경기도 성남시 중원구 산성대로 350";"경기도 성남시 중원구 중앙동 95번지";8;1;"요일제";"평일";"09:00:00";"18:00:00";"00:00:00";"00:00:00";"00:00:00";"00:00:00";"혼합";30;400;10;200;9;7200;60000;"현금+신용카드";"경차, 장애인 차량 50프로 할인 등";"성남도시개발공사 노상주차처";"";37.44376745;127.1553501;"2022-06-08"
"205-1-000029";"중상23";"공영";"노상";"경기도 성남시 중원구 산성대로 360";"경기도 성남시 중원구 중앙동 30번지";9;1;"요일제";"평일";"09:00:00";"18:00:00";"00:00:00";"00:00:00";"00:00:00";"00:00:00";"혼합";30;400;10;200;9;7200;60000;"현금+신용카드";"경차, 장애인 차량 50프로 할인 등";"성남도시개발공사 노상주차처";"";37.44425622;127.1563953;"2022-06-08"
"205-1-000030";"중상1";"공영";"노상";"경기도 성남시 중원구 산성대로 106";"경기도 성남시 중원구 성남동 3188번지";19;1;"요일제";"평일";"09:00:00";"18:00:00";"00:00:00";"00:00:00";"00:00:00";"00:00:00";"혼합";30;400;10;200;9;7200;60000;"현금+신용카드";"경차, 장애인 차량 50프로 할인 등";"성남도시개발공사 노상주차처";"";37.43358664;127.1310047;"2022-06-08"
"205-1-000031";"중상2";"공영";"노상";"경기도 성남시 중원구 산성대로 116";"경기도 성남시 중원구 성남동 3168번지";18;1;"요일제";"평일";"09:00:00";"18:00:00";"00:00:00";"00:00:00";"00:00:00";"00:00:00";"혼합";30;400;10;200;9;7200;60000;"현금+신용카드";"경차, 장애인 차량 50프로 할인 등";"성남도시개발공사 노상주차처";"";37.43380891;127.1320672;"2022-06-08"
"205-1-000032";"중상3";"공영";"노상";"경기도 성남시 중원구 산성대로 112";"경기도 성남시 중원구 성남동 3172번지";30;1;"요일제";"평일";"09:00:00";"18:00:00";"00:00:00";"00:00:00";"00:00:00";"00:00:00";"혼합";30;400;10;200;9;7200;60000;"현금+신용카드";"경차, 장애인 차량 50프로 할인 등";"성남도시개발공사 노상주차처";"";37.43375538;127.1315925;"2022-06-08"
"205-1-000033";"중상6,7";"공영";"노상";"경기도 성남시 중원구 산성대로 150";"경기도 성남시 중원구 성남동 2276번지";40;1;"요일제";"평일";"09:00:00";"18:00:00";"00:00:00";"00:00:00";"00:00:00";"00:00:00";"혼합";30;400;10;200;9;7200;60000;"현금+신용카드";"경차, 장애인 차량 50프로 할인 등";"성남도시개발공사 노상주차처";"";37.43457591;127.1358334;"2022-06-08"
"205-1-000034";"중상8,9";"공영";"노상";"경기도 성남시 중원구 산성대로 162";"경기도 성남시 중원구 성남동 2224번지";48;1;"요일제";"평일";"09:00:00";"18:00:00";"00:00:00";"00:00:00";"00:00:00";"00:00:00";"혼합";30;400;10;200;9;7200;60000;"현금+신용카드";"경차, 장애인 차량 50프로 할인 등";"성남도시개발공사 노상주차처";"";37.43493465;127.1372758;"2022-06-08"
"205-1-000035";"중상10";"공영";"노상";"경기도 성남시 중원구 산성대로 180";"경기도 성남시 중원구 성남동 2192번지";51;1;"요일제";"평일";"09:00:00";"18:00:00";"00:00:00";"00:00:00";"00:00:00";"00:00:00";"혼합";30;400;10;200;9;7200;60000;"현금+신용카드";"경차, 장애인 차량 50프로 할인 등";"성남도시개발공사 노상주차처";"";37.43594178;127.1389906;"2022-06-08"
"205-1-000036";"중상11";"공영";"노상";"경기도 성남시 중원구 산성대로 190-2";"경기도 성남시 중원구 성남동 2197번지";48;1;"요일제";"평일";"09:00:00";"18:00:00";"00:00:00";"00:00:00";"00:00:00";"00:00:00";"혼합";30;400;10;200;9;7200;60000;"현금+신용카드";"경차, 장애인 차량 50프로 할인 등";"성남도시개발공사 노상주차처";"";37.43643336;127.1398015;"2022-06-08"
"205-1-000037";"중상12";"공영";"노상";"경기도 성남시 중원구 산성대로 198";"경기도 성남시 중원구 성남동 2164번지";47;1;"요일제";"평일";"09:00:00";"18:00:00";"00:00:00";"00:00:00";"00:00:00";"00:00:00";"혼합";30;400;10;200;9;7200;60000;"현금+신용카드";"경차, 장애인 차량 50프로 할인 등";"성남도시개발공사 노상주차처";"";37.43669671;127.1406236;"2022-06-08"
"205-1-000038";"중상32,75";"공영";"노상";"경기도 성남시 중원구 사기막골로 47";"경기도 성남시 중원구 상대원동 146-1번지";208;1;"요일제";"평일";"09:00:00";"18:00:00";"00:00:00";"00:00:00";"00:00:00";"00:00:00";"혼합";30;400;10;200;9;7200;60000;"현금+신용카드";"경차, 장애인 차량 50프로 할인 등";"성남도시개발공사 노상주차처";"";37.43896822;127.1725474;"2022-06-08"
"205-1-000039";"중상33";"공영";"노상";"경기도 성남시 중원구 사기막골로 52";"경기도 성남시 중원구 상대원동 307-2번지";51;1;"요일제";"평일";"09:00:00";"18:00:00";"00:00:00";"00:00:00";"00:00:00";"00:00:00";"혼합";30;400;10;200;9;7200;60000;"현금+신용카드";"경차, 장애인 차량 50프로 할인 등";"성남도시개발공사 노상주차처";"";37.43486159;127.1711731;"2022-06-08"
"205-1-000040";"중상34,35";"공영";"노상";"경기도 성남시 중원구 사기막골로 18";"경기도 성남시 중원구 상대원동 567-1번지";46;1;"요일제";"평일";"09:00:00";"18:00:00";"00:00:00";"00:00:00";"00:00:00";"00:00:00";"혼합";30;400;10;200;9;7200;60000;"현금+신용카드";"경차, 장애인 차량 50프로 할인 등";"성남도시개발공사 노상주차처";"";37.43320459;127.1680599;"2022-06-08"
"205-1-000041";"중상36";"공영";"노상";"경기도 성남시 중원구 둔촌대로 423";"경기도 성남시 중원구 상대원동 1613";20;1;"요일제";"평일";"09:00:00";"18:00:00";"00:00:00";"00:00:00";"00:00:00";"00:00:00";"혼합";30;400;10;200;9;7200;60000;"현금+신용카드";"경차, 장애인 차량 50프로 할인 등";"성남도시개발공사 노상주차처";"";37.43317877;127.1640741;"2022-06-08"
"205-1-000042";"중상38,39";"공영";"노상";"";"경기도 성남시 중원구 상대원동 1627";21;1;"요일제";"평일";"09:00:00";"18:00:00";"00:00:00";"00:00:00";"00:00:00";"00:00:00";"혼합";30;400;10;200;9;7200;60000;"현금+신용카드";"경차, 장애인 차량 50프로 할인 등";"성남도시개발공사 노상주차처";"";37.43285883;127.1630409;"2022-06-08"
"205-1-000043";"중상40";"공영";"노상";"경기도 성남시 중원구 둔촌대로457번길 26";"경기도 성남시 중원구 상대원동 517-7번지";20;1;"요일제";"평일";"09:00:00";"18:00:00";"00:00:00";"00:00:00";"00:00:00";"00:00:00";"혼합";30;400;10;200;9;7200;60000;"현금+신용카드";"경차, 장애인 차량 50프로 할인 등";"성남도시개발공사 노상주차처";"";37.4323934;127.1700571;"2022-06-08"
"205-1-000044";"중상41";"공영";"노상";"경기도 성남시 중원구 둔촌대로 474";"경기도 성남시 중원구 상대원동 513-15번지";17;1;"요일제";"평일";"09:00:00";"18:00:00";"00:00:00";"00:00:00";"00:00:00";"00:00:00";"혼합";30;400;10;200;9;7200;60000;"현금+신용카드";"경차, 장애인 차량 50프로 할인 등";"성남도시개발공사 노상주차처";"";37.43131794;127.1692668;"2022-06-08"
"205-1-000045";"중상41-1";"공영";"노상";"경기도 성남시 중원구 둔촌대로 484";"경기도 성남시 중원구 상대원동 513-14번지";10;1;"요일제";"평일";"09:00:00";"18:00:00";"00:00:00";"00:00:00";"00:00:00";"00:00:00";"혼합";30;400;10;200;9;7200;60000;"현금+신용카드";"경차, 장애인 차량 50프로 할인 등";"성남도시개발공사 노상주차처";"";37.43127633;127.1706316;"2022-06-08"
"205-1-000046";"중상79상,중";"공영";"노상";"경기도 성남시 중원구 사기막골로 177";"경기도 성남시 중원구 상대원동 133-1번지";143;1;"요일제";"평일";"09:00:00";"18:00:00";"00:00:00";"00:00:00";"00:00:00";"00:00:00";"혼합";30;400;10;200;9;7200;60000;"현금+신용카드";"경차, 장애인 차량 50프로 할인 등";"성남도시개발공사 노상주차처";"";37.44443086;127.1780986;"2022-06-08"
"205-1-000047";"중상79하";"공영";"노상";"경기도 성남시 중원구 상대원동 132";"경기도 성남시 중원구 상대원동 132";75;1;"요일제";"평일";"09:00:00";"18:00:00";"00:00:00";"00:00:00";"00:00:00";"00:00:00";"혼합";30;400;10;200;9;7200;60000;"현금+신용카드";"경차, 장애인 차량 51프로 할인 등";"성남도시개발공사 노상주차처";"";37.44336143;127.1717305;"2022-06-08"
"205-1-000048";"중상83";"공영";"노상";"경기도 성남시 중원구 순환로 233";"경기도 성남시 중원구 상대원동 135-1번지";22;1;"요일제";"평일";"09:00:00";"18:00:00";"00:00:00";"00:00:00";"00:00:00";"00:00:00";"혼합";30;400;10;200;9;7200;60000;"현금+신용카드";"경차, 장애인 차량 50프로 할인 등";"성남도시개발공사 노상주차처";"";37.44457382;127.1789474;"2022-06-08"
"205-1-000049";"중상47-1";"공영";"노상";"경기도 성남시 중원구 둔촌대로 285";"경기도 성남시 중원구 하대원동 132-11번지";14;1;"요일제";"평일";"09:00:00";"18:00:00";"00:00:00";"00:00:00";"00:00:00";"00:00:00";"혼합";30;400;10;200;9;7200;60000;"현금+신용카드";"경차, 장애인 차량 50프로 할인 등";"성남도시개발공사 노상주차처";"";37.42983774;127.1497806;"2022-06-08"
"205-1-000050";"중상48,49";"공영";"노상";"경기도 성남시 중원구 둔촌대로 265";"경기도 성남시 중원구 하대원동 129-14번지";20;1;"요일제";"평일";"09:00:00";"18:00:00";"00:00:00";"00:00:00";"00:00:00";"00:00:00";"혼합";30;400;10;200;9;7200;60000;"현금+신용카드";"경차, 장애인 차량 50프로 할인 등";"성남도시개발공사 노상주차처";"";37.42935407;127.1474928;"2022-06-08"
"205-1-000051";"중상50";"공영";"노상";"경기도 성남시 중원구 둔촌대로 225";"경기도 성남시 중원구 하대원동 121-3번지";19;1;"요일제";"평일";"09:00:00";"18:00:00";"00:00:00";"00:00:00";"00:00:00";"00:00:00";"혼합";30;400;10;200;9;7200;60000;"현금+신용카드";"경차, 장애인 차량 50프로 할인 등";"성남도시개발공사 노상주차처";"";37.42846919;127.1431571;"2022-06-08"
"205-1-000052";"중상57,58";"공영";"노상";"";"경기도 성남시 중원구 하대원동 289";15;1;"요일제";"평일";"09:00:00";"18:00:00";"00:00:00";"00:00:00";"00:00:00";"00:00:00";"혼합";30;400;10;200;9;7200;60000;"현금+신용카드";"경차, 장애인 차량 50프로 할인 등";"성남도시개발공사 노상주차처";"";37.42816903;127.145519;"2022-06-08"
"205-1-000053";"중상66";"공영";"노상";"경기도 성남시 중원구 둔촌대로 125";"경기도 성남시 중원구 성남동 4092번지";8;1;"요일제";"평일";"09:00:00";"18:00:00";"00:00:00";"00:00:00";"00:00:00";"00:00:00";"혼합";30;400;10;200;9;7200;60000;"현금+신용카드";"경차, 장애인 차량 50프로 할인 등";"성남도시개발공사 노상주차처";"";37.42911932;127.1326916;"2022-06-08"
"205-1-000054";"중상67";"공영";"노상";"경기도 성남시 중원구 둔촌대로 118";"경기도 성남시 중원구 하대원동 102번지";13;1;"요일제";"평일";"09:00:00";"18:00:00";"00:00:00";"00:00:00";"00:00:00";"00:00:00";"혼합";30;400;10;200;9;7200;60000;"현금+신용카드";"경차, 장애인 차량 50프로 할인 등";"성남도시개발공사 노상주차처";"";37.42852354;127.1323909;"2022-06-08"
"205-1-000055";"중상68,69";"공영";"노상";"경기도 성남시 중원구 둔촌대로 140";"경기도 성남시 중원구 하대원동 104-5번지";18;1;"요일제";"평일";"09:00:00";"18:00:00";"00:00:00";"00:00:00";"00:00:00";"00:00:00";"혼합";30;400;10;200;9;7200;60000;"현금+신용카드";"경차, 장애인 차량 50프로 할인 등";"성남도시개발공사 노상주차처";"";37.42868501;127.1343088;"2022-06-08"
"205-1-000056";"중상71";"공영";"노상";"경기도 성남시 중원구 산성대로 600";"경기도 성남시 중원구 은행동 600-1번지";16;1;"요일제";"평일";"09:00:00";"18:00:00";"00:00:00";"00:00:00";"00:00:00";"00:00:00";"혼합";30;400;10;200;9;7200;60000;"현금+신용카드";"경차, 장애인 차량 50프로 할인 등";"성남도시개발공사 노상주차처";"";37.46266166;127.1697715;"2022-06-08"
"205-1-000057";"중상70";"공영";"노상";"경기도 성남시 중원구 산성대로 586";"경기도 성남시 중원구 은행동 612번지";15;1;"요일제";"평일";"09:00:00";"18:00:00";"00:00:00";"00:00:00";"00:00:00";"00:00:00";"혼합";30;400;10;200;9;7200;60000;"현금+신용카드";"경차, 장애인 차량 50프로 할인 등";"성남도시개발공사 노상주차처";"";37.46174441;127.1685261;"2022-06-08"
"205-1-000058";"중상70-1";"공영";"노상";"경기도 성남시 중원구 산성대로 494";"경기도 성남시 중원구 은행동 1636번지";18;1;"요일제";"평일";"09:00:00";"18:00:00";"00:00:00";"00:00:00";"00:00:00";"00:00:00";"혼합";30;400;10;200;9;7200;60000;"현금+신용카드";"경차, 장애인 차량 50프로 할인 등";"성남도시개발공사 노상주차처";"";37.45530904;127.1623406;"2022-06-08"
"205-1-000059";"중상70-2";"공영";"노상";"경기도 성남시 중원구 산성대로 500";"경기도 성남시 중원구 은행동 1632번지";24;1;"요일제";"평일";"09:00:00";"18:00:00";"00:00:00";"00:00:00";"00:00:00";"00:00:00";"혼합";30;400;10;200;9;7200;60000;"현금+신용카드";"경차, 장애인 차량 50프로 할인 등";"성남도시개발공사 노상주차처";"";37.45571582;127.1626896;"2022-06-08"
"205-1-000060";"중상70-5";"공영";"노상";"경기도 성남시 중원구 산성대로 540";"경기도 성남시 중원구 은행동 978번지";19;1;"요일제";"평일";"09:00:00";"18:00:00";"00:00:00";"00:00:00";"00:00:00";"00:00:00";"혼합";30;400;10;200;9;7200;60000;"현금+신용카드";"경차, 장애인 차량 50프로 할인 등";"성남도시개발공사 노상주차처";"";37.45871443;127.1652505;"2022-06-08"
"205-1-000061";"중상70-6";"공영";"노상";"경기도 성남시 중원구 산성대로 550";"경기도 성남시 중원구 은행동 722-2번지";26;1;"요일제";"평일";"09:00:00";"18:00:00";"00:00:00";"00:00:00";"00:00:00";"00:00:00";"혼합";30;400;10;200;9;7200;60000;"현금+신용카드";"경차, 장애인 차량 50프로 할인 등";"성남도시개발공사 노상주차처";"";37.45943435;127.1658896;"2022-06-08"
"205-1-000062";"중상70-7";"공영";"노상";"경기도 성남시 중원구 산성대로 570";"경기도 성남시 중원구 은행동 663-5번지";18;1;"요일제";"평일";"09:00:00";"18:00:00";"00:00:00";"00:00:00";"00:00:00";"00:00:00";"혼합";30;400;10;200;9;7200;60000;"현금+신용카드";"경차, 장애인 차량 50프로 할인 등";"성남도시개발공사 노상주차처";"";37.46079114;127.167258;"2022-06-08"
"205-1-000063";"중상70-8";"공영";"노상";"";"경기도 성남시 중원구 은행동 531";14;1;"요일제";"평일";"09:00:00";"18:00:00";"00:00:00";"00:00:00";"00:00:00";"00:00:00";"혼합";30;400;10;200;9;7200;60000;"현금+신용카드";"경차, 장애인 차량 50프로 할인 등";"성남도시개발공사 노상주차처";"";37.45888594;127.1650969;"2022-06-08"
"205-1-000064";"중상44,46";"공영";"노상";"경기도 성남시 중원구 둔촌대로 331";"경기도 성남시 중원구 하대원동 210-1번지";19;1;"요일제";"평일";"09:00:00";"18:00:00";"00:00:00";"00:00:00";"00:00:00";"00:00:00";"혼합";30;400;10;200;9;7200;60000;"현금+신용카드";"경차, 장애인 차량 50프로 할인 등";"성남도시개발공사 노상주차처";"";37.43101007;127.1545916;"2022-06-08"
"205-1-000065";"중상60,63";"공영";"노상";"경기도 성남시 중원구 둔촌대로 352";"경기도 성남시 중원구 하대원동 235-2번지";16;1;"요일제";"평일";"09:00:00";"18:00:00";"00:00:00";"00:00:00";"00:00:00";"00:00:00";"혼합";30;400;10;200;9;7200;60000;"현금+신용카드";"경차, 장애인 차량 50프로 할인 등";"성남도시개발공사 노상주차처";"";37.43133089;127.1572813;"2022-06-08"
"205-1-000066";"중상65";"공영";"노상";"경기도 성남시 중원구 둔촌대로 135";"경기도 성남시 중원구 성남동 3966번지";14;1;"요일제";"평일";"09:00:00";"18:00:00";"00:00:00";"00:00:00";"00:00:00";"00:00:00";"혼합";30;400;10;200;9;7200;60000;"현금+신용카드";"경차, 장애인 차량 50프로 할인 등";"성남도시개발공사 노상주차처";"";37.42914099;127.133846;"2022-06-08"
"205-1-000067";"중상51";"공영";"노상";"경기도 성남시 중원구 둔촌대로 183";"경기도 성남시 중원구 성남동 3122번지";14;1;"요일제";"평일";"09:00:00";"18:00:00";"00:00:00";"00:00:00";"00:00:00";"00:00:00";"혼합";30;400;10;200;9;7200;60000;"현금+신용카드";"경차, 장애인 차량 50프로 할인 등";"성남도시개발공사 노상주차처";"";37.42973419;127.1391554;"2022-06-08"
"205-1-000068";"중상52,53";"공영";"노상";"경기도 성남시 중원구 둔촌대로 190";"경기도 성남시 중원구 하대원동 114번지";15;1;"요일제";"평일";"09:00:00";"18:00:00";"00:00:00";"00:00:00";"00:00:00";"00:00:00";"혼합";30;400;10;200;9;7200;60000;"현금+신용카드";"경차, 장애인 차량 50프로 할인 등";"성남도시개발공사 노상주차처";"";37.4290505;127.1395995;"2022-06-08"
"205-1-000069";"중상43";"공영";"노상";"경기도 성남시 중원구 둔촌대로 365";"경기도 성남시 중원구 하대원동 230-4번지";20;1;"요일제";"평일";"09:00:00";"18:00:00";"00:00:00";"00:00:00";"00:00:00";"00:00:00";"혼합";30;400;10;200;9;7200;60000;"현금+신용카드";"경차, 장애인 차량 50프로 할인 등";"성남도시개발공사 노상주차처";"";37.43271855;127.1576107;"2022-06-08"
"205-2-000001";"대원천";"공영";"노외";"경기도 성남시 중원구 둔촌대로 10";"경기도 성남시 중원구 성남동 4596번지 인근";222;1;"요일제";"평일+토요일+공휴일";"00:00:00";"00:00:00";"00:00:00";"00:00:00";"00:00:00";"00:00:00";"유료";30;400;10;200;24;6000;60000;"신용카드";"경차, 장애인 차량 50프로 할인 등";"성남도시개발공사 노외주차처";"";37.42890837;127.1201143;"2022-06-08"
"205-2-000002";"성남동 대형";"공영";"노외";"경기도 성남시 중원구 둔촌대로 10";"경기도 성남시 중원구 성남동 4596번지";565;1;"요일제";"평일+토요일+공휴일";"00:00:00";"00:00:00";"00:00:00";"00:00:00";"00:00:00";"00:00:00";"유료";30;200;10;100;24;6000;52000;"신용카드";"경차, 장애인 차량 50프로 할인 등";"성남도시개발공사 노외주차처";"";37.42890932;127.1201186;"2022-06-08"
"205-2-000003";"성남동 제1";"공영";"노외";"경기도 성남시 중원구 시민로77번길 10";"경기도 성남시 중원구 성남동 2876번지 인근";388;1;"요일제";"평일+토요일+공휴일";"00:00:00";"00:00:00";"00:00:00";"00:00:00";"00:00:00";"00:00:00";"유료";30;300;10;100;24;6000;60000;"신용카드";"경차, 장애인 차량 50프로 할인 등";"성남도시개발공사 노외주차처";"";37.43488015;127.1448164;"2022-06-08"
"205-2-000004";"성남동 제2";"공영";"노외";"경기도 성남시 중원구 원터로69번길 10";"경기도 성남시 중원구 성남동 2963번지";251;1;"요일제";"평일+토요일+공휴일";"00:00:00";"00:00:00";"00:00:00";"00:00:00";"00:00:00";"00:00:00";"유료";30;400;10;200;24;6000;60000;"신용카드";"경차, 장애인 차량 50프로 할인 등";"성남도시개발공사 노외주차처";"";37.4329539;127.1421171;"2022-06-08"
"205-2-000005";"대원지하";"공영";"노외";"경기도 성남시 중원구 희망로343번길 24";"경기도 성남시 중원구 상대원동 4251번지";153;1;"요일제";"평일+토요일+공휴일";"00:00:00";"00:00:00";"00:00:00";"00:00:00";"00:00:00";"00:00:00";"유료";30;400;10;200;24;6000;60000;"신용카드";"경차, 장애인 차량 50프로 할인 등";"성남도시개발공사 노외주차처";"";37.43667139;127.1551004;"2022-06-08"
"205-2-000006";"상대원 제4";"공영";"노외";"경기도 성남시 중원구 박석로 42";"경기도 성남시 중원구 상대원동 1115번지";283;1;"요일제";"평일+토요일+공휴일";"00:00:00";"00:00:00";"00:00:00";"00:00:00";"00:00:00";"00:00:00";"유료";30;400;10;200;24;6000;60000;"신용카드";"경차, 장애인 차량 50프로 할인 등";"성남도시개발공사 노외주차처";"";37.43588515;127.1661178;"2022-06-08"
"205-2-000007";"상대원 3동";"공영";"노외";"경기도 성남시 중원구 박석로 94";"경기도 성남시 중원구 상대원동 788번지";108;1;"요일제";"평일+토요일+공휴일";"00:00:00";"00:00:00";"00:00:00";"00:00:00";"00:00:00";"00:00:00";"유료";30;400;10;200;24;6000;60000;"신용카드";"경차, 장애인 차량 50프로 할인 등";"성남도시개발공사 노외주차처";"";37.44085696;127.1648226;"2022-06-08"
"205-2-000008";"금광1동 제1";"공영";"노외";"경기도 성남시 중원구 금빛로 10";"경기도 성남시 중원구 금광동 2450-3번지";124;1;"요일제";"평일+토요일+공휴일";"00:00:00";"00:00:00";"00:00:00";"00:00:00";"00:00:00";"00:00:00";"유료";30;400;10;200;24;6000;60000;"신용카드";"경차, 장애인 차량 50프로 할인 등";"성남도시개발공사 노외주차처";"";37.44305962;127.1695057;"2022-06-08"
"205-2-000009";"금광2동 제2";"공영";"노외";"경기도 성남시 중원구 산성대로 434";"경기도 성남시 중원구 금광동 4635번지";134;1;"요일제";"평일+토요일+공휴일";"00:00:00";"00:00:00";"00:00:00";"00:00:00";"00:00:00";"00:00:00";"유료";30;400;10;200;24;6000;60000;"신용카드";"경차, 장애인 차량 50프로 할인 등";"성남도시개발공사 노외주차처";"";37.45048649;127.1599433;"2022-06-08"
"205-2-000010";"금광공영주차장";"공영";"노외";"경기도 성남시 중원구 광명로 366";"경기도 성남시 중원구 금광동 1795번지";54;1;"요일제";"평일+토요일+공휴일";"00:00:00";"00:00:00";"00:00:00";"00:00:00";"00:00:00";"00:00:00";"유료";30;400;10;200;24;6000;60000;"신용카드";"경차, 장애인 차량 50프로 할인 등";"성남도시개발공사 노외주차처";"";37.44627147;127.166525;"2022-06-08"
"205-2-000011";"금광2동 제1";"공영";"노외";"경기도 성남시 중원구 금빛로69번길 18";"경기도 성남시 중원구 금광동 3217번지";280;1;"요일제";"평일+토요일+공휴일";"00:00:00";"00:00:00";"00:00:00";"00:00:00";"00:00:00";"00:00:00";"유료";30;400;10;200;24;6000;60000;"신용카드";"경차, 장애인 차량 50프로 할인 등";"성남도시개발공사 노외주차처";"";37.44788906;127.1643995;"2022-06-08"
"205-2-000012";"자혜";"공영";"노외";"경기도 성남시 중원구 자혜로72번길 9";"경기도 성남시 중원구 금광동 2513-8번지";195;1;"요일제";"평일+토요일+공휴일";"00:00:00";"00:00:00";"00:00:00";"00:00:00";"00:00:00";"00:00:00";"유료";30;400;10;200;24;6000;60000;"신용카드";"경차, 장애인 차량 50프로 할인 등";"성남도시개발공사 노외주차처";"";37.45071659;127.1681307;"2022-06-08"
"205-2-000013";"은행2동 제3";"공영";"노외";"경기도 성남시 중원구 은행로 9";"경기도 성남시 중원구 은행동 1728번지";227;1;"요일제";"평일+토요일+공휴일";"00:00:00";"00:00:00";"00:00:00";"00:00:00";"00:00:00";"00:00:00";"유료";30;400;10;200;24;6000;60000;"신용카드";"경차, 장애인 차량 50프로 할인 등";"성남도시개발공사 노외주차처";"";37.45491505;127.1631716;"2022-06-08"
"205-2-000014";"은행동 제5";"공영";"노외";"경기도 성남시 중원구 자혜로 115";"경기도 성남시 중원구 은행동 2034-2번지 그린빌라";229;1;"요일제";"평일+토요일+공휴일";"00:00:00";"00:00:00";"00:00:00";"00:00:00";"00:00:00";"00:00:00";"유료";30;300;10;100;24;6000;60000;"신용카드";"경차, 장애인 차량 50프로 할인 등";"성남도시개발공사 노외주차처";"";37.45269342;127.1718828;"2022-06-08"
"205-2-000015";"은행1동 제2";"공영";"노외";"경기도 성남시 중원구 금빛로112번길 35";"경기도 성남시 중원구 은행동 199-1번지";135;1;"요일제";"평일+토요일+공휴일";"00:00:00";"00:00:00";"00:00:00";"00:00:00";"00:00:00";"00:00:00";"유료";30;400;10;200;24;6000;60000;"신용카드";"경차, 장애인 차량 50프로 할인 등";"성남도시개발공사 노외주차처";"";37.4531949;127.1690268;"2022-06-08"
"205-2-000016";"은행2동 제4";"공영";"노외";"경기도 성남시 중원구 순환로379번길 19";"경기도 성남시 중원구 은행동 550-12번지";230;1;"요일제";"평일+토요일+공휴일";"00:00:00";"00:00:00";"00:00:00";"00:00:00";"00:00:00";"00:00:00";"유료";30;400;10;200;24;6000;60000;"신용카드";"경차, 장애인 차량 50프로 할인 등";"성남도시개발공사 노외주차처";"";37.45668625;127.1721948;"2022-06-08"
"205-2-000017";"은행동 제6";"공영";"노외";"경기도 성남시 중원구 자혜로17번길 44-7";"경기도 성남시 중원구 은행동 2528번지";89;1;"요일제";"평일+토요일+공휴일";"00:00:00";"00:00:00";"00:00:00";"00:00:00";"00:00:00";"00:00:00";"유료";30;400;10;200;24;6000;60000;"신용카드";"경차, 장애인 차량 50프로 할인 등";"성남도시개발공사 노외주차처";"";37.45384735;127.1638248;"2022-06-08"
"205-2-000018";"은행동 제7";"공영";"노외";"경기도 성남시 중원구 은행로32번길 5";"경기도 성남시 중원구 은행동 2617번지";102;1;"요일제";"평일+토요일+공휴일";"00:00:00";"00:00:00";"00:00:00";"00:00:00";"00:00:00";"00:00:00";"유료";30;400;10;200;24;6000;60000;"신용카드";"경차, 장애인 차량 50프로 할인 등";"성남도시개발공사 노외주차처";"";37.45454493;127.1649792;"2022-06-08"
"205-2-000019";"은행동 제8";"공영";"노외";"경기도 성남시 중원구 은이로16번길 10";"경기도 성남시 중원구 은행동 2491번지";142;1;"요일제";"평일+토요일+공휴일";"00:00:00";"00:00:00";"00:00:00";"00:00:00";"00:00:00";"00:00:00";"유료";30;400;10;200;24;6000;60000;"신용카드";"경차, 장애인 차량 50프로 할인 등";"성남도시개발공사 노외주차처";"";37.45666744;127.1651782;"2022-06-08"
"205-2-000020";"은행동 제9";"공영";"노외";"경기도 성남시 중원구 은이로63번길 8";"경기도 성남시 중원구 은행동 2470번지";130;1;"요일제";"평일+토요일+공휴일";"00:00:00";"00:00:00";"00:00:00";"00:00:00";"00:00:00";"00:00:00";"유료";30;400;10;200;24;6000;60000;"신용카드";"경차, 장애인 차량 50프로 할인 등";"성남도시개발공사 노외주차처";"";37.45661039;127.1698302;"2022-06-08"
"205-2-000021";"상대원 제1";"공영";"노외";"경기도 성남시 중원구 사기막골로45번길 42";"경기도 성남시 중원구 상대원동 152-1번지";234;1;"요일제";"평일+토요일+공휴일";"00:00:00";"00:00:00";"00:00:00";"00:00:00";"00:00:00";"00:00:00";"유료";30;400;10;200;24;6000;60000;"신용카드";"경차, 장애인 차량 50프로 할인 등";"성남도시개발공사 노외주차처";"";37.43890924;127.1684613;"2022-06-08"
"205-2-000022";"은행1";"공영";"노외";"경기도 성남시 중원구 자혜로 55";"경기도 성남시 중원구 은행동 1932-7번지";152;1;"요일제";"평일+토요일+공휴일";"00:00:00";"00:00:00";"00:00:00";"00:00:00";"00:00:00";"00:00:00";"유료";30;400;10;200;24;6000;60000;"신용카드";"경차, 장애인 차량 50프로 할인 등";"성남도시개발공사 노외주차처";"";37.4515464;127.16495;"2022-06-08"
"205-2-000023";"중앙동 제5";"공영";"노외";"경기도 성남시 중원구 광명로194번길 28";"경기도 성남시 중원구 중앙동 3767-9번지";136;1;"요일제";"평일+토요일+공휴일";"00:00:00";"00:00:00";"00:00:00";"00:00:00";"00:00:00";"00:00:00";"유료";30;400;10;200;24;6000;60000;"신용카드";"경차, 장애인 차량 50프로 할인 등";"성남도시개발공사 노외주차처";"";37.43726778;127.1509841;"2022-06-08"
"205-2-000024";"중앙동 제1";"공영";"노외";"경기도 성남시 중원구 희망로 443";"경기도 성남시 중원구 중앙동 6-1번지";252;1;"요일제";"평일+토요일+공휴일";"00:00:00";"00:00:00";"00:00:00";"00:00:00";"00:00:00";"00:00:00";"유료";30;400;10;200;24;6000;60000;"신용카드";"경차, 장애인 차량 50프로 할인 등";"성남도시개발공사 노외주차처";"";37.44437414;127.1571594;"2022-06-08"
"205-2-000025";"중앙동 제2";"공영";"노외";"경기도 성남시 중원구 광명로256번길 36";"경기도 성남시 중원구 중앙동 2079번지";124;1;"요일제";"평일+토요일+공휴일";"00:00:00";"00:00:00";"00:00:00";"00:00:00";"00:00:00";"00:00:00";"유료";30;300;10;100;24;6000;60000;"신용카드";"경차, 장애인 차량 50프로 할인 등";"성남도시개발공사 노외주차처";"";37.44013985;127.1568025;"2022-06-08"
"205-2-000026";"중앙동 제3";"공영";"노외";"경기도 성남시 중원구 희망로367번길 38";"경기도 성남시 중원구 상대원동 3393번지 인근";140;1;"요일제";"평일+토요일+공휴일";"00:00:00";"00:00:00";"00:00:00";"00:00:00";"00:00:00";"00:00:00";"유료";30;400;10;200;24;6000;60000;"신용카드";"경차, 장애인 차량 50프로 할인 등";"성남도시개발공사 노외주차처";"";37.43869425;127.1543452;"2022-06-08"
"205-2-000027";"중앙동 제4";"공영";"노외";"경기도 성남시 중원구 광명로242번길 20";"경기도 성남시 중원구 중앙동 2169번지";239;1;"요일제";"평일+토요일+공휴일";"00:00:00";"00:00:00";"00:00:00";"00:00:00";"00:00:00";"00:00:00";"유료";30;400;10;200;24;6000;60000;"신용카드";"경차, 장애인 차량 50프로 할인 등";"성남도시개발공사 노외주차처";"";37.44064337;127.1548645;"2022-06-08"
"205-2-000028";"해오름";"공영";"노외";"경기도 성남시 중원구 광명로264번길 39";"경기도 성남시 중원구 중앙동 1539번지";531;1;"요일제";"평일+토요일+공휴일";"00:00:00";"00:00:00";"00:00:00";"00:00:00";"00:00:00";"00:00:00";"유료";30;400;10;200;24;6000;60000;"신용카드";"경차, 장애인 차량 50프로 할인 등";"성남도시개발공사 노외주차처";"";37.44109187;127.1590917;"2022-06-08"
"205-2-000029";"은행동 제10";"공영";"노외";"경기도 성남시 중원구 은이로 11";"경기도 성남시 중원구 은행동 2474번지";221;1;"요일제";"평일+토요일+공휴일";"00:00:00";"00:00:00";"00:00:00";"00:00:00";"00:00:00";"00:00:00";"유료";30;400;10;200;24;6000;60000;"신용카드";"경차, 장애인 차량 50프로 할인 등";"성남도시개발공사 노외주차처";"";37.45757837;127.1658177;"2022-06-08"
"205-2-000030";"모란공영";"공영";"노외";"경기도 성남시 중원구 둔촌대로 68";"경기도 성남시 중원구 성남동 4931번지";603;1;"요일제";"평일+토요일+공휴일";"00:00:00";"00:00:00";"00:00:00";"00:00:00";"00:00:00";"00:00:00";"유료";30;400;10;200;24;6000;0;"신용카드";"경차, 장애인 차량 50프로 할인 등";"성남도시개발공사 노외주차처";"";37.42933483;127.1266565;"2022-06-08"
"205-2-000031";"중원어린이도서관부설주차장";"공영";"노외";"경기도 성남시 중원구 산성대로408번길 42";"경기도 성남시 중원구 금광동 3487번지";151;1;"요일제";"평일+토요일+공휴일";"00:00:00";"00:00:00";"00:00:00";"00:00:00";"00:00:00";"00:00:00";"유료";30;400;10;300;24;6000;60000;"신용카드";"경차, 장애인 차량 50프로 할인 등";"성남도시개발공사 노외주차처";"";37.44762767;127.1631694;"2022-06-08"
"206-2-000001";"야탑동 제1";"공영";"노외";"경기도 성남시 분당구 야탑로 337";"경기도 성남시 분당구 야탑동 134-1번지";140;1;"요일제";"평일+토요일+공휴일";"00:00:00";"00:00:00";"00:00:00";"00:00:00";"00:00:00";"00:00:00";"유료";30;200;10;100;24;6000;60000;"신용카드";"경차, 장애인 차량 50프로 할인 등";"성남도시개발공사 노외주차처";"";37.40748884;127.1554062;"2022-06-08"
"206-2-000002";"야탑 제1환승";"공영";"노외";"경기도 성남시 분당구 성남대로 920";"경기도 성남시 분당구 야탑동 364-2번지";111;1;"요일제";"평일+토요일+공휴일";"00:00:00";"00:00:00";"00:00:00";"00:00:00";"00:00:00";"00:00:00";"유료";30;400;10;200;24;6000;0;"신용카드";"경차, 장애인 차량 50프로 할인 등";"성남도시개발공사 노외주차처";"";37.41206876;127.1291734;"2022-06-08"
"206-2-000003";"야탑 제2환승";"공영";"노외";"경기도 성남시 분당구 성남대로 919";"경기도 성남시 분당구 야탑동 359-5번지";126;1;"요일제";"평일+토요일+공휴일";"00:00:00";"00:00:00";"00:00:00";"00:00:00";"00:00:00";"00:00:00";"유료";30;400;10;200;24;6000;0;"신용카드";"경차, 장애인 차량 50프로 할인 등";"성남도시개발공사 노외주차처";"";37.4117563;127.1281653;"2022-06-08"
"206-2-000004";"맛고을";"공영";"노외";"경기도 성남시 분당구 야탑로111번길 12-14";"경기도 성남시 분당구 야탑동 385번지";210;1;"요일제";"평일+토요일+공휴일";"00:00:00";"00:00:00";"00:00:00";"00:00:00";"00:00:00";"00:00:00";"유료";30;400;10;200;24;6000;60000;"신용카드";"경차, 장애인 차량 50프로 할인 등";"성남도시개발공사 노외주차처";"";37.41165862;127.1317843;"2022-06-08"
"206-2-000005";"점골";"공영";"노외";"경기도 성남시 분당구 불정로 419";"경기도 성남시 분당구 서현동 332번지";202;1;"요일제";"평일+토요일+공휴일";"00:00:00";"00:00:00";"00:00:00";"00:00:00";"00:00:00";"00:00:00";"유료";30;400;10;200;24;6000;60000;"신용카드";"경차, 장애인 차량 50프로 할인 등";"성남도시개발공사 노외주차처";"";37.37694545;127.1399836;"2022-06-08"
"206-2-000006";"정자전원마을";"공영";"노외";"경기도 성남시 분당구 불곡로13번길 6";"경기도 성남시 분당구 정자동 239-1번지";118;1;"요일제";"평일+토요일+공휴일";"00:00:00";"00:00:00";"00:00:00";"00:00:00";"00:00:00";"00:00:00";"유료";30;400;10;200;24;6000;60000;"신용카드";"경차, 장애인 차량 50프로 할인 등";"성남도시개발공사 노외주차처";"";37.35921975;127.124509;"2022-06-08"
"206-2-000007";"정자역환승";"공영";"노외";"경기도 성남시 분당구 성남대로331번길 6";"경기도 성남시 분당구 정자동 26번지";208;1;"요일제";"평일+토요일+공휴일";"00:00:00";"00:00:00";"00:00:00";"00:00:00";"00:00:00";"00:00:00";"유료";30;400;10;200;24;6000;0;"신용카드";"경차, 장애인 차량 50프로 할인 등";"성남도시개발공사 노외주차처";"";37.36575281;127.1073292;"2022-06-08"
"206-2-000008";"오리환승";"공영";"노외";"경기도 성남시 분당구 구미동196";"경기도 성남시 분당구 구미동 196";75;1;"요일제";"평일+토요일+공휴일";"00:00:00";"00:00:00";"00:00:00";"00:00:00";"00:00:00";"00:00:00";"유료";30;400;10;200;24;6000;60000;"신용카드";"경차, 장애인 차량 50프로 할인 등";"성남도시개발공사 노외주차처";"";37.33964677;127.1093871;"2022-06-08"
"206-2-000009";"금곡동";"공영";"노외";"경기도 성남시 분당구 금곡동169";"경기도 성남시 분당구 금곡동 169";82;1;"요일제";"평일+토요일+공휴일";"00:00:00";"00:00:00";"00:00:00";"00:00:00";"00:00:00";"00:00:00";"유료";30;400;10;200;24;6000;60000;"신용카드";"경차, 장애인 차량 50프로 할인 등";"성남도시개발공사 노외주차처";"";37.35073159;127.106773;"2022-06-08"
"206-2-000010";"수내동";"공영";"노외";"경기도 성남시 분당구 발이봉북로 7";"경기도 성남시 분당구 수내동 119-1번지";129;1;"요일제";"평일+토요일+공휴일";"00:00:00";"00:00:00";"00:00:00";"00:00:00";"00:00:00";"00:00:00";"유료";30;300;10;100;24;6000;60000;"신용카드";"경차, 장애인 차량 50프로 할인 등";"성남도시개발공사 노외주차처";"";37.3667955;127.1279624;"2022-06-08"
"206-2-000011";"수내역";"공영";"노외";"경기도 성남시 분당구 수내로 74";"경기도 성남시 분당구 수내동 34번지 양지마을금호1단지아파트";509;1;"요일제";"평일+토요일+공휴일";"00:00:00";"00:00:00";"00:00:00";"00:00:00";"00:00:00";"00:00:00";"유료";30;400;10;200;24;6000;0;"신용카드";"경차, 장애인 차량 50프로 할인 등";"성남도시개발공사 노외주차처";"";37.37927879;127.1188561;"2022-06-08"
"206-2-000012";"판교역환승";"공영";"노외";"경기도 성남시 분당구 백현동532";"경기도 성남시 분당구 백현동 532";273;1;"요일제";"평일+토요일+공휴일";"00:00:00";"00:00:00";"00:00:00";"00:00:00";"00:00:00";"00:00:00";"유료";30;400;10;200;24;6000;0;"신용카드";"경차, 장애인 차량 50프로 할인 등";"성남도시개발공사 노외주차처";"";37.39541863;127.1103242;"2022-06-08"
"206-2-000013";"삼평동 임시";"공영";"노외";"경기도 성남시 분당구 삼평동 641";"경기도 성남시 분당구 삼평동 641";803;1;"요일제";"평일+토요일+공휴일";"00:00:00";"00:00:00";"00:00:00";"00:00:00";"00:00:00";"00:00:00";"유료";30;400;10;200;24;6000;60000;"신용카드";"경차, 장애인 차량 50프로 할인 등";"성남도시개발공사 노외주차처";"";37.39688905;127.10835;"2022-06-08"
"206-2-000014";"서현 환승";"공영";"노외";"경기도 성남시 분당구 황새울로360번길 43";"경기도 성남시 분당구 서현동 264번지";486;1;"요일제";"평일+토요일+공휴일";"00:00:00";"00:00:00";"00:00:00";"00:00:00";"00:00:00";"00:00:00";"유료";30;400;10;200;24;6000;0;"신용카드";"경차, 장애인 차량 50프로 할인 등";"성남도시개발공사 노외주차처";"";37.38466853;127.1242981;"2022-06-08"
"206-2-000015";"판교공";"공영";"노외";"경기도 성남시 분당구 판교역로146번길 8";"경기도 성남시 분당구 백현동 539번지";734;1;"요일제";"평일+토요일+공휴일";"00:00:00";"00:00:00";"00:00:00";"00:00:00";"00:00:00";"00:00:00";"유료";30;400;10;200;24;6000;0;"신용카드";"경차, 장애인 차량 50프로 할인 등";"성남도시개발공사 노외주차처";"";37.39362374;127.1107478;"2022-06-08"
"206-2-000016";"율동공원 A주차장";"공영";"노외";"경기도 성남시 분당구 문정로 145";"경기도 성남시 분당구 율동 318번지";140;1;"요일제";"평일+토요일+공휴일";"00:00:00";"00:00:00";"00:00:00";"00:00:00";"00:00:00";"00:00:00";"유료";30;300;10;100;14;6000;0;"신용카드";"경차, 장애인 차량 50프로 할인 등";"성남도시개발공사 노외주차처";"";37.38335566;127.1500042;"2022-06-08"
"206-2-000017";"율동공원 B주차장";"공영";"노외";"경기도 성남시 분당구 서현로 459";"경기도 성남시 분당구 분당동 112번지";541;1;"요일제";"평일+토요일+공휴일";"00:00:00";"00:00:00";"00:00:00";"00:00:00";"00:00:00";"00:00:00";"유료";30;300;10;100;24;6000;40000;"신용카드";"경차, 장애인 차량 50프로 할인 등";"성남도시개발공사 노외주차처";"";37.37345052;127.148002;"2022-06-08"
"206-2-000018";"운중동974공영주차장";"공영";"노외";"경기도 성남시 분당구 운중동 974";"경기도 성남시 분당구 운중동 974";70;1;"요일제";"평일+토요일+공휴일";"00:00:00";"00:00:00";"00:00:00";"00:00:00";"00:00:00";"00:00:00";"유료";30;400;10;200;24;6000;60000;"신용카드";"경차, 장애인 차량 50프로 할인 등";"성남도시개발공사 노외주차처";"";37.39225403;127.0779664;"2022-06-08"
"206-2-000019";"판교제2공영주차장";"공영";"노외";"경기도 성남시 분당구 판교동 574";"경기도 성남시 분당구 판교동 574";104;1;"요일제";"평일+토요일+공휴일";"00:00:00";"00:00:00";"00:00:00";"00:00:00";"00:00:00";"00:00:00";"유료";30;400;10;200;24;6000;0;"신용카드";"경차, 장애인 차량 50프로 할인 등";"성남도시개발공사 노외주차처";"";37.39031108;127.09846;"2022-06-08"
